-- phpMyAdmin SQL Dump
-- version 5.2.0
-- https://www.phpmyadmin.net/
--
-- Servidor: 127.0.0.1
-- Tiempo de generación: 10-11-2022 a las 04:55:48
-- Versión del servidor: 10.4.24-MariaDB
-- Versión de PHP: 8.1.6

SET SQL_MODE = "NO_AUTO_VALUE_ON_ZERO";
START TRANSACTION;
SET time_zone = "+00:00";


/*!40101 SET @OLD_CHARACTER_SET_CLIENT=@@CHARACTER_SET_CLIENT */;
/*!40101 SET @OLD_CHARACTER_SET_RESULTS=@@CHARACTER_SET_RESULTS */;
/*!40101 SET @OLD_COLLATION_CONNECTION=@@COLLATION_CONNECTION */;
/*!40101 SET NAMES utf8mb4 */;

--
-- Base de datos: `ventas`
--

-- --------------------------------------------------------

--
-- Estructura de tabla para la tabla `gv_almacen`
--

CREATE TABLE `gv_almacen` (
  `ida` int(11) NOT NULL,
  `nombre` varchar(125) NOT NULL,
  `direccion` varchar(125) NOT NULL,
  `encargado` int(11) NOT NULL,
  `activo` int(1) DEFAULT 1
) ENGINE=InnoDB DEFAULT CHARSET=utf8;

--
-- Volcado de datos para la tabla `gv_almacen`
--

INSERT INTO `gv_almacen` (`ida`, `nombre`, `direccion`, `encargado`, `activo`) VALUES
(1, 'almacen desconocid', 'direccion desconocida', 27, 1),
(2, 'almacen 2', 'direccion desconocida2', 2, 0),
(3, 'almacen 3', 'stand 4', 2, 1);

-- --------------------------------------------------------

--
-- Estructura de tabla para la tabla `gv_almaceproduct`
--

CREATE TABLE `gv_almaceproduct` (
  `idpa` bigint(20) NOT NULL,
  `idalmacen` int(11) NOT NULL,
  `idproducto` bigint(20) NOT NULL,
  `cantidad_actual` int(11) NOT NULL,
  `cantidad_inicial` int(11) NOT NULL,
  `tipo_manipulacion` enum('VENTA','COMPRA','TRANSLADO','REGISTRO') NOT NULL,
  `fecha` date DEFAULT NULL,
  `activo` int(1) DEFAULT 1
) ENGINE=InnoDB DEFAULT CHARSET=utf8 COMMENT='almacen producto';

--
-- Volcado de datos para la tabla `gv_almaceproduct`
--

INSERT INTO `gv_almaceproduct` (`idpa`, `idalmacen`, `idproducto`, `cantidad_actual`, `cantidad_inicial`, `tipo_manipulacion`, `fecha`, `activo`) VALUES
(46, 1, 24, 49, 0, 'REGISTRO', '2013-03-08', 1),
(47, 2, 24, 0, 0, 'REGISTRO', '2013-03-08', 0),
(48, 3, 24, 20, 0, 'REGISTRO', '2013-03-08', 1),
(49, 1, 25, 50, 0, 'REGISTRO', '2013-03-08', 1),
(50, 2, 25, 0, 0, 'REGISTRO', '2013-03-08', 0),
(51, 3, 25, 30, 0, 'REGISTRO', '2013-03-08', 1),
(52, 1, 26, 29, 0, 'REGISTRO', '2013-03-25', 1),
(53, 2, 26, 0, 0, 'REGISTRO', '2013-03-25', 0),
(54, 3, 26, 0, 0, 'REGISTRO', '2013-03-25', 1),
(55, 1, 27, 30, 0, 'REGISTRO', '2013-03-25', 1),
(56, 2, 27, 0, 0, 'REGISTRO', '2013-03-25', 0),
(57, 3, 27, 20, 0, 'REGISTRO', '2013-03-25', 1),
(58, 1, 28, 41, 0, 'REGISTRO', '2013-03-25', 1),
(59, 2, 28, 0, 0, 'REGISTRO', '2013-03-25', 0),
(60, 3, 28, 40, 0, 'REGISTRO', '2013-03-25', 1),
(61, 1, 29, 10, 0, 'REGISTRO', '2013-03-25', 1),
(62, 2, 29, 0, 0, 'REGISTRO', '2013-03-25', 0),
(63, 3, 29, 0, 0, 'REGISTRO', '2013-03-25', 1),
(64, 1, 30, 28, 0, 'REGISTRO', '2013-03-25', 1),
(65, 2, 30, 0, 0, 'REGISTRO', '2013-03-25', 0),
(66, 3, 30, 20, 0, 'REGISTRO', '2013-03-25', 1),
(67, 1, 31, 13, 0, 'REGISTRO', '2014-02-10', 1),
(68, 2, 31, 0, 0, 'REGISTRO', '2014-02-10', 0),
(69, 3, 31, 0, 0, 'REGISTRO', '2014-02-10', 1);

-- --------------------------------------------------------

--
-- Estructura de tabla para la tabla `gv_asignarauth`
--

CREATE TABLE `gv_asignarauth` (
  `nombreitem` varchar(64) NOT NULL,
  `iduser` varchar(64) NOT NULL,
  `bizrule` text DEFAULT NULL,
  `dato` text DEFAULT NULL
) ENGINE=InnoDB DEFAULT CHARSET=utf8;

--
-- Volcado de datos para la tabla `gv_asignarauth`
--

INSERT INTO `gv_asignarauth` (`nombreitem`, `iduser`, `bizrule`, `dato`) VALUES
('administrador', 'codigolite', '', '');

-- --------------------------------------------------------

--
-- Estructura de tabla para la tabla `gv_authitem`
--

CREATE TABLE `gv_authitem` (
  `nombre` varchar(64) NOT NULL,
  `tipo` int(11) NOT NULL,
  `descripcion` text DEFAULT NULL,
  `bizrule` text DEFAULT NULL,
  `dato` text DEFAULT NULL
) ENGINE=InnoDB DEFAULT CHARSET=utf8;

--
-- Volcado de datos para la tabla `gv_authitem`
--

INSERT INTO `gv_authitem` (`nombre`, `tipo`, `descripcion`, `bizrule`, `dato`) VALUES
('actualizarCliente', 0, 'null', 'null', 'null'),
('actualizarProducto', 0, 'null', 'null', 'null'),
('actualizarStock', 0, 'null', 'null', 'null'),
('actualizarUsuario', 0, 'null', 'null', 'null'),
('administrador', 2, 'Rol administrador no tiene restricciones', 'null', 'null'),
('administrar', 1, 'Tarea Principal de un administrador', 'null', 'null'),
('almacenar', 1, 'Tarea Principal de un almacenero', 'null', 'null'),
('almacenero', 2, 'Rol almacenero encargado de registrar productos,mover productos, y actualizar el stock', 'null', 'null'),
('buscarCliente', 0, 'null', 'null', 'null'),
('buscarProducto', 0, 'null', 'null', 'null'),
('buscarUsuario', 0, 'null', 'null', 'null'),
('eliminarCliente', 0, 'null', 'null', 'null'),
('eliminarProducto', 0, 'null', 'null', 'null'),
('eliminarUsuario', 0, 'null', 'null', 'null'),
('imprimirStock', 0, 'null', 'null', 'null'),
('imprimirVenta', 0, 'null', 'null', 'null'),
('moverProducto', 0, 'null', 'null', 'null'),
('registraProducto', 0, 'null', 'null', 'null'),
('registrarCliente', 0, 'null', 'null', 'null'),
('registrarUsuario', 0, 'null', 'null', 'null'),
('registrarVenta', 0, 'null', 'null', 'null'),
('vendedor', 2, 'Rol vendedor encargado de administra clientes, imprimir documento de ventas y ver stock', 'null', 'null'),
('vender', 1, 'Tarea Principal de un vendedor', 'null', 'null'),
('verStock', 0, 'null', 'null', 'null');

-- --------------------------------------------------------

--
-- Estructura de tabla para la tabla `gv_authitemchild`
--

CREATE TABLE `gv_authitemchild` (
  `padre` varchar(64) NOT NULL,
  `hijo` varchar(64) NOT NULL
) ENGINE=InnoDB DEFAULT CHARSET=utf8;

--
-- Volcado de datos para la tabla `gv_authitemchild`
--

INSERT INTO `gv_authitemchild` (`padre`, `hijo`) VALUES
('administrador', 'administrar'),
('administrar', 'actualizarUsuario'),
('administrar', 'almacenero'),
('administrar', 'buscarUsuario'),
('administrar', 'eliminarUsuario'),
('administrar', 'registrarUsuario'),
('administrar', 'vendedor'),
('almacenar', 'actualizarProducto'),
('almacenar', 'actualizarStock'),
('almacenar', 'buscarProducto'),
('almacenar', 'eliminarProducto'),
('almacenar', 'imprimirStock'),
('almacenar', 'moverProducto'),
('almacenar', 'registraProducto'),
('almacenero', 'almacenar'),
('vendedor', 'vender'),
('vender', 'actualizarCliente'),
('vender', 'buscarCliente'),
('vender', 'buscarProducto'),
('vender', 'eliminarCliente'),
('vender', 'imprimirVenta'),
('vender', 'registrarCliente'),
('vender', 'registrarVenta'),
('vender', 'verStock');

-- --------------------------------------------------------

--
-- Estructura de tabla para la tabla `gv_bitacora`
--

CREATE TABLE `gv_bitacora` (
  `idbitacora` bigint(20) NOT NULL,
  `idusuario` int(11) NOT NULL,
  `OS` varchar(80) DEFAULT NULL,
  `arquitectura` varchar(80) DEFAULT NULL,
  `verssion` varchar(50) DEFAULT NULL,
  `nomCuenta` varchar(200) DEFAULT NULL COMMENT 'nombre de usuaio en el sistema operativo',
  `ultima_actividad` bigint(20) NOT NULL,
  `fecha_actividad` bigint(20) NOT NULL
) ENGINE=InnoDB DEFAULT CHARSET=utf8;

--
-- Volcado de datos para la tabla `gv_bitacora`
--

INSERT INTO `gv_bitacora` (`idbitacora`, `idusuario`, `OS`, `arquitectura`, `verssion`, `nomCuenta`, `ultima_actividad`, `fecha_actividad`) VALUES
(1, 11, NULL, NULL, NULL, NULL, 1352933151374, 1352933151374),
(2, 11, NULL, NULL, NULL, NULL, 1352933171108, 1352933151374),
(3, 11, NULL, NULL, NULL, NULL, 1352933247551, 1352933151374),
(4, 11, NULL, NULL, NULL, NULL, 1352933151374, 1352933385979),
(5, 11, NULL, NULL, NULL, NULL, 1352933151374, 1352933403050),
(6, 11, NULL, NULL, NULL, NULL, 1352933151374, 1352933433840),
(7, 11, NULL, NULL, NULL, NULL, 1352933433840, 1352933502375),
(8, 11, NULL, NULL, NULL, NULL, 1352933502375, 1352933517776),
(9, 27, 'Windows XP', 'x86', '5.1', 'Ferz', 1359757843609, 1359757843609),
(10, 28, 'Windows XP', 'x86', '5.1', 'Ferz', 1364848892328, 1364848892328),
(11, 29, 'Windows XP', 'x86', '5.1', 'Ferz', 1364914563421, 1364914563421),
(12, 35, 'Windows XP', 'x86', '5.1', 'Ferz', 1364916343125, 1364916343125),
(13, 27, 'Windows XP', 'x86', '5.1', 'Ferz', 1359757843609, 1364923489609),
(14, 27, 'Windows XP', 'x86', '5.1', 'Ferz', 1364923489609, 1364923568406),
(15, 27, 'Windows XP', 'x86', '5.1', 'Ferz', 1364923568406, 1364923626453),
(16, 27, 'Windows XP', 'x86', '5.1', 'Ferz', 1364923626453, 1364924119140),
(17, 27, 'Windows XP', 'x86', '5.1', 'Ferz', 1364924119140, 1364931152828),
(18, 27, 'Windows XP', 'x86', '5.1', 'Ferz', 1364931152828, 1364931300890),
(19, 27, 'Windows XP', 'x86', '5.1', 'Ferz', 1364931300890, 1364931387203),
(20, 27, 'Windows XP', 'x86', '5.1', 'Ferz', 1364931387203, 1364931944390),
(21, 27, 'Windows XP', 'x86', '5.1', 'Ferz', 1364931944390, 1364931993453),
(22, 27, 'Windows XP', 'x86', '5.1', 'Ferz', 1364931993453, 1364932366000),
(23, 27, 'Windows XP', 'x86', '5.1', 'Ferz', 1364932366000, 1364932468671),
(24, 27, 'Windows XP', 'x86', '5.1', 'Ferz', 1364932468671, 1364933879187),
(25, 27, 'Windows XP', 'x86', '5.1', 'Ferz', 1364933879187, 1364933945000),
(26, 27, 'Windows XP', 'x86', '5.1', 'Ferz', 1364933945000, 1364935563421),
(27, 27, 'Windows XP', 'x86', '5.1', 'Ferz', 1364935563421, 1364935944125),
(28, 27, 'Windows XP', 'x86', '5.1', 'Ferz', 1364935944125, 1364936034296),
(29, 27, 'Windows XP', 'x86', '5.1', 'Ferz', 1364936034296, 1364936100359),
(30, 27, 'Windows XP', 'x86', '5.1', 'Ferz', 1364936100359, 1364936425968),
(31, 27, 'Windows XP', 'x86', '5.1', 'Ferz', 1364936425968, 1364936509890),
(32, 27, 'Windows XP', 'x86', '5.1', 'Ferz', 1364936509890, 1364936584515),
(33, 27, 'Windows XP', 'x86', '5.1', 'Ferz', 1364936584515, 1364936612546),
(34, 27, 'Windows XP', 'x86', '5.1', 'Ferz', 1364936612546, 1364936677796),
(35, 27, 'Windows XP', 'x86', '5.1', 'Ferz', 1364936677796, 1364936761031),
(36, 27, 'Windows XP', 'x86', '5.1', 'Ferz', 1364936761031, 1364938645734),
(37, 27, 'Windows XP', 'x86', '5.1', 'Ferz', 1364938645734, 1364938715437),
(38, 27, 'Windows XP', 'x86', '5.1', 'Ferz', 1364938715437, 1364940649343),
(39, 27, 'Windows XP', 'x86', '5.1', 'Ferz', 1364940649343, 1364940795765),
(40, 27, 'Windows XP', 'x86', '5.1', 'Ferz', 1364940795765, 1364941219500),
(41, 27, 'Windows XP', 'x86', '5.1', 'Ferz', 1364941219500, 1364941493484),
(42, 27, 'Windows XP', 'x86', '5.1', 'Ferz', 1364941493484, 1364941599921),
(43, 27, 'Windows XP', 'x86', '5.1', 'Ferz', 1364941599921, 1364941854656),
(44, 27, 'Windows XP', 'x86', '5.1', 'Ferz', 1364941854656, 1364942022593),
(45, 27, 'Windows XP', 'x86', '5.1', 'Ferz', 1364942022593, 1365102220484),
(46, 27, 'Windows XP', 'x86', '5.1', 'Ferz', 1365102220484, 1365102666953),
(47, 27, 'Windows XP', 'x86', '5.1', 'Ferz', 1365102666953, 1365102971734),
(48, 27, 'Windows XP', 'x86', '5.1', 'Ferz', 1365102971734, 1365103618281),
(49, 27, 'Windows XP', 'x86', '5.1', 'Ferz', 1365103618281, 1365103787828),
(50, 27, 'Windows XP', 'x86', '5.1', 'Ferz', 1365103787828, 1365103878937),
(51, 27, 'Windows XP', 'x86', '5.1', 'Ferz', 1365103878937, 1365104301890),
(52, 27, 'Windows XP', 'x86', '5.1', 'Ferz', 1365104301890, 1365104367593),
(53, 27, 'Windows XP', 'x86', '5.1', 'Ferz', 1365104367593, 1365105051031),
(54, 27, 'Windows XP', 'x86', '5.1', 'Ferz', 1365105051031, 1365105309359),
(55, 27, 'Windows XP', 'x86', '5.1', 'Ferz', 1365105309359, 1365105418750),
(56, 27, 'Windows XP', 'x86', '5.1', 'Ferz', 1365105418750, 1365105879421),
(57, 27, 'Windows XP', 'x86', '5.1', 'Ferz', 1365105879421, 1365106240328),
(58, 27, 'Windows XP', 'x86', '5.1', 'Ferz', 1365106240328, 1365106700890),
(59, 27, 'Windows XP', 'x86', '5.1', 'Ferz', 1365106700890, 1365106956687),
(60, 27, 'Windows XP', 'x86', '5.1', 'Ferz', 1365106956687, 1365107226312),
(61, 27, 'Windows XP', 'x86', '5.1', 'Ferz', 1365107226312, 1365107283125),
(62, 27, 'Windows XP', 'x86', '5.1', 'Ferz', 1365107283125, 1365107337250),
(63, 27, 'Windows XP', 'x86', '5.1', 'Ferz', 1365107337250, 1365107398765),
(64, 27, 'Windows XP', 'x86', '5.1', 'Ferz', 1365107398765, 1365107466703),
(65, 27, 'Windows XP', 'x86', '5.1', 'Ferz', 1365107466703, 1365107570734),
(66, 27, 'Windows XP', 'x86', '5.1', 'Ferz', 1365107570734, 1365107613578),
(67, 27, 'Windows XP', 'x86', '5.1', 'Ferz', 1365107613578, 1365110691515),
(68, 27, 'Windows XP', 'x86', '5.1', 'Ferz', 1365110691515, 1365111423546),
(69, 27, 'Windows XP', 'x86', '5.1', 'Ferz', 1365111423546, 1365111561046),
(70, 27, 'Windows XP', 'x86', '5.1', 'Ferz', 1365111561046, 1365111693906),
(71, 27, 'Windows XP', 'x86', '5.1', 'Ferz', 1365111693906, 1365112154718),
(72, 27, 'Windows XP', 'x86', '5.1', 'Ferz', 1365112154718, 1365112431062),
(73, 27, 'Windows XP', 'x86', '5.1', 'Ferz', 1365112431062, 1365112538593),
(74, 27, 'Windows XP', 'x86', '5.1', 'Ferz', 1365112538593, 1365113278125),
(75, 27, 'Windows XP', 'x86', '5.1', 'Ferz', 1365113278125, 1365113538968),
(76, 27, 'Windows XP', 'x86', '5.1', 'Ferz', 1365113538968, 1365114575906),
(77, 27, 'Windows XP', 'x86', '5.1', 'Ferz', 1365114575906, 1365114722828),
(78, 27, 'Windows XP', 'x86', '5.1', 'Ferz', 1365114722828, 1365115149984),
(79, 27, 'Windows XP', 'x86', '5.1', 'Ferz', 1365115149984, 1365115423812),
(80, 27, 'Windows XP', 'x86', '5.1', 'Ferz', 1365115423812, 1365116239156),
(81, 27, 'Windows XP', 'x86', '5.1', 'Ferz', 1365116239156, 1365116369531),
(82, 27, 'Windows XP', 'x86', '5.1', 'Ferz', 1365116369531, 1365117011921),
(83, 27, 'Windows XP', 'x86', '5.1', 'Ferz', 1365117011921, 1365117265468),
(84, 27, 'Windows XP', 'x86', '5.1', 'Ferz', 1365117265468, 1365117622125),
(85, 27, 'Windows XP', 'x86', '5.1', 'Ferz', 1365117622125, 1365117721921),
(86, 27, 'Windows XP', 'x86', '5.1', 'Ferz', 1365117721921, 1365118572765),
(87, 27, 'Windows XP', 'x86', '5.1', 'Ferz', 1365118572765, 1365118811406),
(88, 27, 'Windows XP', 'x86', '5.1', 'Ferz', 1365118811406, 1365119053359),
(89, 27, 'Windows XP', 'x86', '5.1', 'Ferz', 1365119053359, 1365119399484),
(90, 27, 'Windows XP', 'x86', '5.1', 'Ferz', 1365119399484, 1365119455078),
(91, 27, 'Windows XP', 'x86', '5.1', 'Ferz', 1365119455078, 1365119526421),
(92, 27, 'Windows XP', 'x86', '5.1', 'Ferz', 1365119526421, 1365120110484),
(93, 27, 'Windows XP', 'x86', '5.1', 'Ferz', 1365120110484, 1365120355046),
(94, 27, 'Windows XP', 'x86', '5.1', 'Ferz', 1365120355046, 1365120517750),
(95, 27, 'Windows XP', 'x86', '5.1', 'Ferz', 1365120517750, 1365120616515),
(96, 27, 'Windows XP', 'x86', '5.1', 'Ferz', 1365120616515, 1365120807125),
(97, 27, 'Windows XP', 'x86', '5.1', 'Ferz', 1365120807125, 1365120927531),
(98, 27, 'Windows XP', 'x86', '5.1', 'Ferz', 1365120927531, 1365121462531),
(99, 27, 'Windows XP', 'x86', '5.1', 'Ferz', 1365121462531, 1365121635906),
(100, 27, 'Windows XP', 'x86', '5.1', 'Ferz', 1365121635906, 1365121794734),
(101, 27, 'Windows XP', 'x86', '5.1', 'Ferz', 1365121794734, 1365129336750),
(102, 27, 'Windows XP', 'x86', '5.1', 'Ferz', 1365129336750, 1365129444343),
(103, 27, 'Windows XP', 'x86', '5.1', 'Ferz', 1365129444343, 1365129926578),
(104, 27, 'Windows XP', 'x86', '5.1', 'Ferz', 1365129926578, 1365130072890),
(105, 27, 'Windows XP', 'x86', '5.1', 'Ferz', 1365130072890, 1365130190890),
(106, 27, 'Windows XP', 'x86', '5.1', 'Ferz', 1365130190890, 1365130568359),
(107, 27, 'Windows XP', 'x86', '5.1', 'Ferz', 1365130568359, 1365130886859),
(108, 27, 'Windows XP', 'x86', '5.1', 'Ferz', 1365130886859, 1365131291312),
(109, 27, 'Windows XP', 'x86', '5.1', 'Ferz', 1365131291312, 1365131703109),
(110, 27, 'Windows XP', 'x86', '5.1', 'Ferz', 1365131703109, 1365132433343),
(111, 27, 'Windows XP', 'x86', '5.1', 'Ferz', 1365132433343, 1365132820687),
(112, 27, 'Windows XP', 'x86', '5.1', 'Ferz', 1365132820687, 1365132910281),
(113, 27, 'Windows XP', 'x86', '5.1', 'Ferz', 1365132910281, 1365133288578),
(114, 27, 'Windows XP', 'x86', '5.1', 'Ferz', 1365133288578, 1365133373875),
(115, 27, 'Windows XP', 'x86', '5.1', 'Ferz', 1365133373875, 1365133523953),
(116, 27, 'Windows XP', 'x86', '5.1', 'Ferz', 1365133523953, 1365133643937),
(117, 27, 'Windows XP', 'x86', '5.1', 'Ferz', 1365133643937, 1365133681562),
(118, 27, 'Windows XP', 'x86', '5.1', 'Ferz', 1365133681562, 1365133751000),
(119, 27, 'Windows XP', 'x86', '5.1', 'Ferz', 1365133751000, 1365133886734),
(120, 27, 'Windows XP', 'x86', '5.1', 'Ferz', 1365133886734, 1365134097656),
(121, 27, 'Windows XP', 'x86', '5.1', 'Ferz', 1365134097656, 1365134165765),
(122, 27, 'Windows XP', 'x86', '5.1', 'Ferz', 1365134165765, 1365134314531),
(123, 27, 'Windows XP', 'x86', '5.1', 'Ferz', 1365134314531, 1365134714453),
(124, 27, 'Windows XP', 'x86', '5.1', 'Ferz', 1365134714453, 1365135002875),
(125, 27, 'Windows XP', 'x86', '5.1', 'Ferz', 1365135002875, 1365135170859),
(126, 27, 'Windows XP', 'x86', '5.1', 'Ferz', 1365135170859, 1365135204781),
(127, 27, 'Windows XP', 'x86', '5.1', 'Ferz', 1365135204781, 1365135402203),
(128, 27, 'Windows XP', 'x86', '5.1', 'Ferz', 1365135402203, 1365135594343),
(129, 27, 'Windows XP', 'x86', '5.1', 'Ferz', 1365135594343, 1365135868718),
(130, 27, 'Windows XP', 'x86', '5.1', 'Ferz', 1365135868718, 1365136353640),
(131, 27, 'Windows XP', 'x86', '5.1', 'Ferz', 1365136353640, 1365136552625),
(132, 27, 'Windows XP', 'x86', '5.1', 'Ferz', 1365136552625, 1365136618125),
(133, 27, 'Windows XP', 'x86', '5.1', 'Ferz', 1365136618125, 1365136710140),
(134, 27, 'Windows XP', 'x86', '5.1', 'Ferz', 1365136710140, 1365136840859),
(135, 27, 'Windows XP', 'x86', '5.1', 'Ferz', 1365136840859, 1365172291375),
(136, 27, 'Windows XP', 'x86', '5.1', 'Ferz', 1365172291375, 1365173220421),
(137, 27, 'Windows XP', 'x86', '5.1', 'Ferz', 1365173220421, 1365173419734),
(138, 27, 'Windows XP', 'x86', '5.1', 'Ferz', 1365173419734, 1365173719171),
(139, 27, 'Windows XP', 'x86', '5.1', 'Ferz', 1365173719171, 1365173857984),
(140, 27, 'Windows XP', 'x86', '5.1', 'Ferz', 1365173857984, 1365174827328),
(141, 27, 'Windows XP', 'x86', '5.1', 'Ferz', 1365174827328, 1365174998750),
(142, 27, 'Windows XP', 'x86', '5.1', 'Ferz', 1365174998750, 1365175144562),
(143, 27, 'Windows XP', 'x86', '5.1', 'Ferz', 1365175144562, 1365175475093),
(144, 27, 'Windows XP', 'x86', '5.1', 'Ferz', 1365175475093, 1365176048406),
(145, 27, 'Windows XP', 'x86', '5.1', 'Ferz', 1365176048406, 1365176168546),
(146, 27, 'Windows XP', 'x86', '5.1', 'Ferz', 1365176168546, 1365177366984),
(147, 27, 'Windows XP', 'x86', '5.1', 'Ferz', 1365177366984, 1365204950015),
(148, 27, 'Windows XP', 'x86', '5.1', 'Ferz', 1365204950015, 1365205306484),
(149, 27, 'Windows XP', 'x86', '5.1', 'Ferz', 1365205306484, 1365206043015),
(150, 27, 'Windows XP', 'x86', '5.1', 'Ferz', 1365206043015, 1365206268406),
(151, 27, 'Windows XP', 'x86', '5.1', 'Ferz', 1365206268406, 1365206612562),
(152, 27, 'Windows XP', 'x86', '5.1', 'Ferz', 1365206612562, 1365206826656),
(153, 27, 'Windows XP', 'x86', '5.1', 'Ferz', 1365206826656, 1365206976562),
(154, 27, 'Windows XP', 'x86', '5.1', 'Ferz', 1365206976562, 1365207042000),
(155, 27, 'Windows XP', 'x86', '5.1', 'Ferz', 1365207042000, 1365207512531),
(156, 27, 'Windows XP', 'x86', '5.1', 'Ferz', 1365207512531, 1365207546234),
(157, 27, 'Windows XP', 'x86', '5.1', 'Ferz', 1365207546234, 1365207664750),
(158, 27, 'Windows XP', 'x86', '5.1', 'Ferz', 1365207664750, 1365207801781),
(159, 27, 'Windows XP', 'x86', '5.1', 'Ferz', 1365207801781, 1365207996203),
(160, 27, 'Windows XP', 'x86', '5.1', 'Ferz', 1365207996203, 1365208210468),
(161, 27, 'Windows XP', 'x86', '5.1', 'Ferz', 1365208210468, 1365208484609),
(162, 27, 'Windows XP', 'x86', '5.1', 'Ferz', 1365208484609, 1365208577546),
(163, 27, 'Windows XP', 'x86', '5.1', 'Ferz', 1365208577546, 1365209593468),
(164, 27, 'Windows XP', 'x86', '5.1', 'Ferz', 1365209593468, 1365210555531),
(165, 27, 'Windows XP', 'x86', '5.1', 'Ferz', 1365210555531, 1365210608765),
(166, 27, 'Windows XP', 'x86', '5.1', 'Ferz', 1365210608765, 1365210746828),
(167, 27, 'Windows XP', 'x86', '5.1', 'Ferz', 1365210746828, 1365210792015),
(168, 27, 'Windows XP', 'x86', '5.1', 'Ferz', 1365210792015, 1365210885343),
(169, 27, 'Windows XP', 'x86', '5.1', 'Ferz', 1365210885343, 1365211028640),
(170, 27, 'Windows XP', 'x86', '5.1', 'Ferz', 1365211028640, 1365211131515),
(171, 27, 'Windows XP', 'x86', '5.1', 'Ferz', 1365211131515, 1365211179468),
(172, 27, 'Windows XP', 'x86', '5.1', 'Ferz', 1365211179468, 1365211556156),
(173, 27, 'Windows XP', 'x86', '5.1', 'Ferz', 1365211556156, 1365211846484),
(174, 27, 'Windows XP', 'x86', '5.1', 'Ferz', 1365211846484, 1365211926859),
(175, 27, 'Windows XP', 'x86', '5.1', 'Ferz', 1365211926859, 1365212034671),
(176, 27, 'Windows XP', 'x86', '5.1', 'Ferz', 1365212034671, 1365212114765),
(177, 27, 'Windows XP', 'x86', '5.1', 'Ferz', 1365212114765, 1365212356328),
(178, 27, 'Windows XP', 'x86', '5.1', 'Ferz', 1365212356328, 1365212577125),
(179, 27, 'Windows XP', 'x86', '5.1', 'Ferz', 1365212577125, 1365212698078),
(180, 27, 'Windows XP', 'x86', '5.1', 'Ferz', 1365212698078, 1365213114734),
(181, 27, 'Windows XP', 'x86', '5.1', 'Ferz', 1365213114734, 1365213556828),
(182, 27, 'Windows XP', 'x86', '5.1', 'Ferz', 1365213556828, 1365213693125),
(183, 27, 'Windows XP', 'x86', '5.1', 'Ferz', 1365213693125, 1365214007546),
(184, 27, 'Windows XP', 'x86', '5.1', 'Ferz', 1365214007546, 1365214098109),
(185, 27, 'Windows XP', 'x86', '5.1', 'Ferz', 1365214098109, 1365214338828),
(186, 27, 'Windows XP', 'x86', '5.1', 'Ferz', 1365214338828, 1365214919062),
(187, 27, 'Windows XP', 'x86', '5.1', 'Ferz', 1365214919062, 1365225427703),
(188, 27, 'Windows XP', 'x86', '5.1', 'Ferz', 1365225427703, 1365225959125),
(189, 27, 'Windows XP', 'x86', '5.1', 'Ferz', 1365225959125, 1365226289171),
(190, 27, 'Windows XP', 'x86', '5.1', 'Ferz', 1365226289171, 1365226809328),
(191, 27, 'Windows XP', 'x86', '5.1', 'Ferz', 1365226809328, 1365226947046),
(192, 27, 'Windows XP', 'x86', '5.1', 'Ferz', 1365226947046, 1365227088187),
(193, 27, 'Windows XP', 'x86', '5.1', 'Ferz', 1365227088187, 1365227317828),
(194, 27, 'Windows XP', 'x86', '5.1', 'Ferz', 1365227317828, 1365227541156),
(195, 27, 'Windows XP', 'x86', '5.1', 'Ferz', 1365227541156, 1365227767187),
(196, 27, 'Windows XP', 'x86', '5.1', 'Ferz', 1365227767187, 1365227863125),
(197, 27, 'Windows XP', 'x86', '5.1', 'Ferz', 1365227863125, 1365228099171),
(198, 27, 'Windows XP', 'x86', '5.1', 'Ferz', 1365228099171, 1365228300531),
(199, 27, 'Windows XP', 'x86', '5.1', 'Ferz', 1365228300531, 1365228411843),
(200, 27, 'Windows XP', 'x86', '5.1', 'Ferz', 1365228411843, 1365228526796),
(201, 27, 'Windows XP', 'x86', '5.1', 'Ferz', 1365228526796, 1365228673031),
(202, 27, 'Windows XP', 'x86', '5.1', 'Ferz', 1365228673031, 1365228771703),
(203, 27, 'Windows XP', 'x86', '5.1', 'Ferz', 1365228771703, 1365229410281),
(204, 27, 'Windows XP', 'x86', '5.1', 'Ferz', 1365229410281, 1365229577359),
(205, 27, 'Windows XP', 'x86', '5.1', 'Ferz', 1365229577359, 1365229768359),
(206, 27, 'Windows XP', 'x86', '5.1', 'Ferz', 1365229768359, 1365230356765),
(207, 27, 'Windows XP', 'x86', '5.1', 'Ferz', 1365230356765, 1365264268546),
(208, 27, 'Windows XP', 'x86', '5.1', 'Ferz', 1365264268546, 1365264717125),
(209, 27, 'Windows XP', 'x86', '5.1', 'Ferz', 1365264717125, 1365264779750),
(210, 27, 'Windows XP', 'x86', '5.1', 'Ferz', 1365264779750, 1365264852515),
(211, 27, 'Windows XP', 'x86', '5.1', 'Ferz', 1365264852515, 1365264967796),
(212, 27, 'Windows XP', 'x86', '5.1', 'Ferz', 1365264967796, 1365265172921),
(213, 27, 'Windows XP', 'x86', '5.1', 'Ferz', 1365265172921, 1365265233421),
(214, 27, 'Windows XP', 'x86', '5.1', 'Ferz', 1365265233421, 1365265348328),
(215, 27, 'Windows XP', 'x86', '5.1', 'Ferz', 1365265348328, 1365265837281),
(216, 27, 'Windows XP', 'x86', '5.1', 'Ferz', 1365265837281, 1365266207890),
(217, 27, 'Windows XP', 'x86', '5.1', 'Ferz', 1365266207890, 1365266320031),
(218, 27, 'Windows XP', 'x86', '5.1', 'Ferz', 1365266320031, 1365267316468),
(219, 27, 'Windows XP', 'x86', '5.1', 'Ferz', 1365267316468, 1365267564000),
(220, 27, 'Windows XP', 'x86', '5.1', 'Ferz', 1365267564000, 1365267848500),
(221, 27, 'Windows XP', 'x86', '5.1', 'Ferz', 1365267848500, 1365267984437),
(222, 27, 'Windows XP', 'x86', '5.1', 'Ferz', 1365267984437, 1365268264453),
(223, 27, 'Windows XP', 'x86', '5.1', 'Ferz', 1365268264453, 1365268368984),
(224, 27, 'Windows XP', 'x86', '5.1', 'Ferz', 1365268368984, 1365268536250),
(225, 27, 'Windows XP', 'x86', '5.1', 'Ferz', 1365268536250, 1365268660562),
(226, 27, 'Windows XP', 'x86', '5.1', 'Ferz', 1365268660562, 1365268700671),
(227, 27, 'Windows XP', 'x86', '5.1', 'Ferz', 1365268700671, 1365268887812),
(228, 27, 'Windows XP', 'x86', '5.1', 'Ferz', 1365268887812, 1365269329109),
(229, 27, 'Windows XP', 'x86', '5.1', 'Ferz', 1365269329109, 1365269494656),
(230, 27, 'Windows XP', 'x86', '5.1', 'Ferz', 1365269494656, 1365269597312),
(231, 27, 'Windows XP', 'x86', '5.1', 'Ferz', 1365269597312, 1365269798718),
(232, 27, 'Windows XP', 'x86', '5.1', 'Ferz', 1365269798718, 1365269880343),
(233, 27, 'Windows XP', 'x86', '5.1', 'Ferz', 1365269880343, 1365270102875),
(234, 27, 'Windows XP', 'x86', '5.1', 'Ferz', 1365270102875, 1365270641890),
(235, 27, 'Windows XP', 'x86', '5.1', 'Ferz', 1365270641890, 1365436345875),
(236, 27, 'Windows XP', 'x86', '5.1', 'Ferz', 1365436345875, 1365436772812),
(237, 27, 'Windows XP', 'x86', '5.1', 'Ferz', 1365436772812, 1365437048656),
(238, 27, 'Windows XP', 'x86', '5.1', 'Ferz', 1365437048656, 1365437138562),
(239, 27, 'Windows XP', 'x86', '5.1', 'Ferz', 1365437138562, 1365437227218),
(240, 27, 'Windows XP', 'x86', '5.1', 'Ferz', 1365437227218, 1365437357781),
(241, 27, 'Windows XP', 'x86', '5.1', 'Ferz', 1365437357781, 1365437606984),
(242, 27, 'Windows XP', 'x86', '5.1', 'Ferz', 1365437606984, 1365437775281),
(243, 27, 'Windows XP', 'x86', '5.1', 'Ferz', 1365437775281, 1365439371796),
(244, 27, 'Windows XP', 'x86', '5.1', 'Ferz', 1365439371796, 1365477950859),
(245, 27, 'Windows XP', 'x86', '5.1', 'Ferz', 1365477950859, 1365478052828),
(246, 27, 'Windows XP', 'x86', '5.1', 'Ferz', 1365478052828, 1365478756453),
(247, 27, 'Windows XP', 'x86', '5.1', 'Ferz', 1365478756453, 1365478831906),
(248, 27, 'Windows XP', 'x86', '5.1', 'Ferz', 1365478831906, 1365479686687),
(249, 27, 'Windows XP', 'x86', '5.1', 'Ferz', 1365479686687, 1365479874687),
(250, 27, 'Windows XP', 'x86', '5.1', 'Ferz', 1365479874687, 1365479950421),
(251, 27, 'Windows XP', 'x86', '5.1', 'Ferz', 1365479950421, 1365480029796),
(252, 27, 'Windows XP', 'x86', '5.1', 'Ferz', 1365480029796, 1365480128359),
(253, 27, 'Windows XP', 'x86', '5.1', 'Ferz', 1365480128359, 1365480214734),
(254, 27, 'Windows XP', 'x86', '5.1', 'Ferz', 1365480214734, 1365480335671),
(255, 27, 'Windows XP', 'x86', '5.1', 'Ferz', 1365480335671, 1365480581906),
(256, 27, 'Windows XP', 'x86', '5.1', 'Ferz', 1365480581906, 1365480863781),
(257, 27, 'Windows XP', 'x86', '5.1', 'Ferz', 1365480863781, 1365481017312),
(258, 27, 'Windows XP', 'x86', '5.1', 'Ferz', 1365481017312, 1365481290406),
(259, 27, 'Windows XP', 'x86', '5.1', 'Ferz', 1365481290406, 1365481384546),
(260, 27, 'Windows XP', 'x86', '5.1', 'Ferz', 1365481384546, 1365481479812),
(261, 27, 'Windows XP', 'x86', '5.1', 'Ferz', 1365481479812, 1365481543437),
(262, 27, 'Windows XP', 'x86', '5.1', 'Ferz', 1365481543437, 1365481706078),
(263, 27, 'Windows XP', 'x86', '5.1', 'Ferz', 1365481706078, 1365481761046),
(264, 27, 'Windows XP', 'x86', '5.1', 'Ferz', 1365481761046, 1365482139671),
(265, 27, 'Windows XP', 'x86', '5.1', 'Ferz', 1365482139671, 1365482346359),
(266, 27, 'Windows XP', 'x86', '5.1', 'Ferz', 1365482346359, 1365482471468),
(267, 27, 'Windows XP', 'x86', '5.1', 'Ferz', 1365482471468, 1365482817656),
(268, 27, 'Windows XP', 'x86', '5.1', 'Ferz', 1365482817656, 1365483047703),
(269, 27, 'Windows XP', 'x86', '5.1', 'Ferz', 1365483047703, 1365483293562),
(270, 27, 'Windows XP', 'x86', '5.1', 'Ferz', 1365483293562, 1365483437281),
(271, 27, 'Windows XP', 'x86', '5.1', 'Ferz', 1365483437281, 1365483572437),
(272, 27, 'Windows XP', 'x86', '5.1', 'Ferz', 1365483572437, 1365483690671),
(273, 27, 'Windows XP', 'x86', '5.1', 'Ferz', 1365483690671, 1365483969109),
(274, 27, 'Windows XP', 'x86', '5.1', 'Ferz', 1365483969109, 1365484061187),
(275, 27, 'Windows XP', 'x86', '5.1', 'Ferz', 1365484061187, 1365554814843),
(276, 27, 'Windows XP', 'x86', '5.1', 'Ferz', 1365554814843, 1365555616156),
(277, 27, 'Windows XP', 'x86', '5.1', 'Ferz', 1365555616156, 1365556081218),
(278, 27, 'Windows XP', 'x86', '5.1', 'Ferz', 1365556081218, 1365557002140),
(279, 27, 'Windows XP', 'x86', '5.1', 'Ferz', 1365557002140, 1365557058984),
(280, 27, 'Windows XP', 'x86', '5.1', 'Ferz', 1365557058984, 1365695403843),
(281, 27, 'Windows XP', 'x86', '5.1', 'Ferz', 1365695403843, 1365695855593),
(282, 27, 'Windows XP', 'x86', '5.1', 'Ferz', 1365695855593, 1365775939281),
(283, 27, 'Windows XP', 'x86', '5.1', 'Ferz', 1365775939281, 1365776100312),
(284, 27, 'Windows XP', 'x86', '5.1', 'Ferz', 1365776100312, 1365776307078),
(285, 27, 'Windows XP', 'x86', '5.1', 'Ferz', 1365776307078, 1365776518062),
(286, 27, 'Windows XP', 'x86', '5.1', 'Ferz', 1365776518062, 1365776573312),
(287, 27, 'Windows XP', 'x86', '5.1', 'Ferz', 1365776573312, 1365776766765),
(288, 27, 'Windows XP', 'x86', '5.1', 'Ferz', 1365776766765, 1365776808125),
(289, 27, 'Windows XP', 'x86', '5.1', 'Ferz', 1365776808125, 1365777029796),
(290, 27, 'Windows XP', 'x86', '5.1', 'Ferz', 1365777029796, 1365777222328),
(291, 27, 'Windows XP', 'x86', '5.1', 'Ferz', 1365777222328, 1365777682640),
(292, 27, 'Windows XP', 'x86', '5.1', 'Ferz', 1365777682640, 1366040641015),
(293, 27, 'Windows XP', 'x86', '5.1', 'Ferz', 1366040641015, 1366040980031),
(294, 27, 'Windows XP', 'x86', '5.1', 'Ferz', 1366040980031, 1366041100609),
(295, 27, 'Windows XP', 'x86', '5.1', 'Ferz', 1366041100609, 1366041264593),
(296, 27, 'Windows XP', 'x86', '5.1', 'Ferz', 1366041264593, 1366041950093),
(297, 27, 'Windows XP', 'x86', '5.1', 'Ferz', 1366041950093, 1366043619406),
(298, 27, 'Windows XP', 'x86', '5.1', 'Ferz', 1366043619406, 1366046048812),
(299, 27, 'Windows XP', 'x86', '5.1', 'Ferz', 1366046048812, 1366046281250),
(300, 27, 'Windows 7', 'amd64', '6.1', 'asumaretv', 1366046281250, 1392045958144),
(301, 27, 'Windows 7', 'amd64', '6.1', 'asumaretv', 1392045958144, 1392047859919),
(302, 27, 'Windows 7', 'amd64', '6.1', 'asumaretv', 1392047859919, 1392048729127),
(303, 27, 'Windows 7', 'amd64', '6.1', 'asumaretv', 1392048729127, 1394660678175),
(304, 27, 'Windows 7', 'amd64', '6.1', 'asumaretv', 1394660678175, 1394660997039),
(305, 27, 'Windows 7', 'amd64', '6.1', 'asumaretv', 1394660997039, 1397237433925),
(306, 27, 'Windows 7', 'amd64', '6.1', 'asumaretv', 1397237433925, 1397240780525),
(307, 27, 'Windows 7', 'amd64', '6.1', 'asumaretv', 1397240780525, 1397240934932),
(308, 27, 'Windows 7', 'amd64', '6.1', 'asumaretv', 1397240934932, 1397241536359),
(309, 27, 'Windows 7', 'amd64', '6.1', 'asumaretv', 1397241536359, 1397242354859),
(310, 27, 'Windows 7', 'amd64', '6.1', 'asumaretv', 1397242354859, 1397242422683),
(311, 27, 'Windows 7', 'amd64', '6.1', 'asumaretv', 1397242422683, 1397242451499),
(312, 27, 'Windows 7', 'amd64', '6.1', 'asumaretv', 1397242451499, 1397242957583),
(313, 27, 'Windows 7', 'amd64', '6.1', 'asumaretv', 1397242957583, 1397243248439),
(314, 27, 'Windows 7', 'amd64', '6.1', 'asumaretv', 1397243248439, 1397243450965),
(315, 27, 'Windows 7', 'amd64', '6.1', 'asumaretv', 1397243450965, 1397245706534),
(316, 27, 'Windows 7', 'amd64', '6.1', 'asumaretv', 1397245706534, 1397245808611),
(317, 27, 'Windows 7', 'amd64', '6.1', 'asumaretv', 1397245808611, 1397245954355),
(318, 27, 'Windows 7', 'amd64', '6.1', 'asumaretv', 1397245954355, 1397246320750),
(319, 27, 'Windows 7', 'amd64', '6.1', 'asumaretv', 1397246320750, 1397246581568),
(320, 27, 'Windows 7', 'amd64', '6.1', 'asumaretv', 1397246581568, 1397246872360),
(321, 27, 'Windows 7', 'amd64', '6.1', 'asumaretv', 1397246872360, 1397247534744),
(322, 27, 'Windows 7', 'amd64', '6.1', 'asumaretv', 1397247534744, 1397247657646),
(323, 27, 'Windows 7', 'amd64', '6.1', 'asumaretv', 1397247657646, 1397247973859),
(324, 27, 'Windows 7', 'amd64', '6.1', 'asumaretv', 1397247973859, 1397248616613),
(325, 27, 'Windows 7', 'amd64', '6.1', 'asumaretv', 1397248616613, 1397321975834),
(326, 27, 'Windows 7', 'amd64', '6.1', 'asumaretv', 1397321975834, 1397322096984),
(327, 27, 'Windows 7', 'amd64', '6.1', 'asumaretv', 1397322096984, 1397322652267),
(328, 27, 'Windows 7', 'amd64', '6.1', 'asumaretv', 1397322652267, 1397322993470),
(329, 27, 'Windows 7', 'amd64', '6.1', 'asumaretv', 1397322993470, 1397323044966),
(330, 27, 'Windows 7', 'amd64', '6.1', 'asumaretv', 1397323044966, 1397323115868),
(331, 27, 'Windows 7', 'amd64', '6.1', 'asumaretv', 1397323115868, 1397323330681),
(332, 27, 'Windows 7', 'amd64', '6.1', 'asumaretv', 1397323330681, 1397323502343),
(333, 27, 'Windows 7', 'amd64', '6.1', 'asumaretv', 1397323502343, 1397323512343),
(334, 27, 'Windows 7', 'amd64', '6.1', 'asumaretv', 1397323512343, 1397325899725),
(335, 27, 'Windows 7', 'amd64', '6.1', 'asumaretv', 1397325899725, 1397326015368),
(336, 27, 'Windows 7', 'amd64', '6.1', 'asumaretv', 1397326015368, 1397326083275),
(337, 27, 'Windows 7', 'amd64', '6.1', 'asumaretv', 1397326083275, 1397923794766),
(338, 27, 'Windows 7', 'amd64', '6.1', 'asumaretv', 1397923794766, 1397923861130),
(339, 27, 'Windows 7', 'amd64', '6.1', 'asumaretv', 1397923861130, 1397924057331),
(340, 27, 'Windows 7', 'amd64', '6.1', 'asumaretv', 1397924057331, 1397924380664),
(341, 27, 'Windows 7', 'amd64', '6.1', 'asumaretv', 1397924380664, 1397924625673),
(342, 27, 'Windows 7', 'amd64', '6.1', 'asumaretv', 1397924625673, 1397925387587),
(343, 27, 'Windows 7', 'amd64', '6.1', 'asumaretv', 1397925387587, 1398035459810),
(344, 27, 'Windows 7', 'amd64', '6.1', 'asumaretv', 1398035459810, 1398140524441),
(345, 27, 'Windows 7', 'amd64', '6.1', 'asumaretv', 1398140524441, 1398150651617),
(346, 27, 'Windows 7', 'amd64', '6.1', 'asumaretv', 1398150651617, 1398297993734),
(347, 27, 'Windows 7', 'amd64', '6.1', 'asumaretv', 1398297993734, 1398298372216),
(348, 27, 'Windows 7', 'amd64', '6.1', 'asumaretv', 1398298372216, 1398300336579),
(349, 27, 'Windows 7', 'amd64', '6.1', 'asumaretv', 1398300336579, 1398301066358),
(350, 27, 'Windows 7', 'amd64', '6.1', 'asumaretv', 1398301066358, 1398301132339),
(351, 27, 'Windows 7', 'amd64', '6.1', 'asumaretv', 1398301132339, 1398301299354),
(352, 27, 'Windows 7', 'amd64', '6.1', 'asumaretv', 1398301299354, 1398301520119),
(353, 27, 'Windows 7', 'amd64', '6.1', 'asumaretv', 1398301520119, 1398301676490),
(354, 27, 'Windows 7', 'amd64', '6.1', 'asumaretv', 1398301676490, 1398301801116),
(355, 27, 'Windows 7', 'amd64', '6.1', 'asumaretv', 1398301801116, 1398301886805),
(356, 27, 'Windows 7', 'amd64', '6.1', 'asumaretv', 1398301886805, 1398301923815),
(357, 27, 'Windows 7', 'amd64', '6.1', 'asumaretv', 1398301923815, 1398302463014),
(358, 27, 'Windows 7', 'amd64', '6.1', 'asumaretv', 1398302463014, 1398302587063),
(359, 27, 'Windows 7', 'amd64', '6.1', 'asumaretv', 1398302587063, 1398302736825),
(360, 27, 'Windows 7', 'amd64', '6.1', 'asumaretv', 1398302736825, 1398302974783),
(361, 27, 'Windows 7', 'amd64', '6.1', 'asumaretv', 1398302974783, 1398303213388),
(362, 27, 'Windows 7', 'amd64', '6.1', 'asumaretv', 1398303213388, 1398303301648),
(363, 27, 'Windows 7', 'amd64', '6.1', 'asumaretv', 1398303301648, 1398303370806),
(364, 27, 'Windows 7', 'amd64', '6.1', 'asumaretv', 1398303370806, 1398303425666),
(365, 27, 'Windows 7', 'amd64', '6.1', 'asumaretv', 1398303425666, 1398303724929),
(366, 27, 'Windows 7', 'amd64', '6.1', 'asumaretv', 1398303724929, 1398303819092),
(367, 27, 'Windows 7', 'amd64', '6.1', 'asumaretv', 1398303819092, 1398303927499),
(368, 27, 'Windows 7', 'amd64', '6.1', 'asumaretv', 1398303927499, 1398304093132),
(369, 27, 'Windows 7', 'amd64', '6.1', 'asumaretv', 1398304093132, 1398304435591),
(370, 27, 'Windows 7', 'amd64', '6.1', 'asumaretv', 1398304435591, 1398304469476),
(371, 27, 'Windows 7', 'amd64', '6.1', 'asumaretv', 1398304469476, 1398304960169),
(372, 27, 'Windows 7', 'amd64', '6.1', 'asumaretv', 1398304960169, 1398305036043),
(373, 27, 'Windows 7', 'amd64', '6.1', 'asumaretv', 1398305036043, 1398305159227),
(374, 27, 'Windows 7', 'amd64', '6.1', 'asumaretv', 1398305159227, 1398305285239),
(375, 27, 'Windows 7', 'amd64', '6.1', 'asumaretv', 1398305285239, 1398305346220),
(376, 27, 'Windows 7', 'amd64', '6.1', 'asumaretv', 1398305346220, 1398305474903),
(377, 27, 'Windows 7', 'amd64', '6.1', 'asumaretv', 1398305474903, 1398305825198),
(378, 27, 'Windows 7', 'amd64', '6.1', 'asumaretv', 1398305825198, 1398306052898),
(379, 27, 'Windows 7', 'amd64', '6.1', 'asumaretv', 1398306052898, 1398306118415),
(380, 27, 'Windows 7', 'amd64', '6.1', 'asumaretv', 1398306118415, 1398306375774),
(381, 27, 'Windows 7', 'amd64', '6.1', 'asumaretv', 1398306375774, 1398313295342),
(382, 27, 'Windows 7', 'amd64', '6.1', 'asumaretv', 1398313295342, 1398313537672),
(383, 27, 'Windows 7', 'amd64', '6.1', 'asumaretv', 1398313537672, 1398313594035),
(384, 27, 'Windows 7', 'amd64', '6.1', 'asumaretv', 1398313594035, 1398313715092),
(385, 27, 'Windows 7', 'amd64', '6.1', 'asumaretv', 1398313715092, 1398313814120),
(386, 27, 'Windows 7', 'amd64', '6.1', 'asumaretv', 1398313814120, 1398314162298),
(387, 27, 'Windows 7', 'amd64', '6.1', 'asumaretv', 1398314162298, 1398381239734),
(388, 27, 'Windows 7', 'amd64', '6.1', 'asumaretv', 1398381239734, 1398381720563),
(389, 27, 'Windows 7', 'amd64', '6.1', 'asumaretv', 1398381720563, 1398381804253),
(390, 27, 'Windows 7', 'amd64', '6.1', 'asumaretv', 1398381804253, 1398381931669),
(391, 27, 'Windows 7', 'amd64', '6.1', 'asumaretv', 1398381931669, 1398382152209),
(392, 27, 'Windows 7', 'amd64', '6.1', 'asumaretv', 1398382152209, 1398382199748),
(393, 27, 'Windows 7', 'amd64', '6.1', 'asumaretv', 1398382199748, 1398382598700),
(394, 27, 'Windows 7', 'amd64', '6.1', 'asumaretv', 1398382598700, 1398382677955),
(395, 27, 'Windows 7', 'amd64', '6.1', 'asumaretv', 1398382677955, 1398382959048),
(396, 27, 'Windows 7', 'amd64', '6.1', 'asumaretv', 1398382959048, 1398383082743),
(397, 27, 'Windows 7', 'amd64', '6.1', 'asumaretv', 1398383082743, 1398383166634),
(398, 27, 'Windows 7', 'amd64', '6.1', 'asumaretv', 1398383166634, 1398383623251),
(399, 27, 'Windows 7', 'amd64', '6.1', 'asumaretv', 1398383623251, 1398383675826),
(400, 27, 'Windows 7', 'amd64', '6.1', 'asumaretv', 1398383675826, 1398383798137),
(401, 27, 'Windows 7', 'amd64', '6.1', 'asumaretv', 1398383798137, 1398384000189),
(402, 27, 'Windows 7', 'amd64', '6.1', 'asumaretv', 1398384000189, 1398384188534),
(403, 27, 'Windows 7', 'amd64', '6.1', 'asumaretv', 1398384188534, 1398384239043),
(404, 27, 'Windows 7', 'amd64', '6.1', 'asumaretv', 1398384239043, 1398384330345),
(405, 27, 'Windows 7', 'amd64', '6.1', 'asumaretv', 1398384330345, 1398384393236),
(406, 27, 'Windows 7', 'amd64', '6.1', 'asumaretv', 1398384393236, 1398384451772),
(407, 27, 'Windows 7', 'amd64', '6.1', 'asumaretv', 1398384451772, 1398384726960),
(408, 27, 'Windows 7', 'amd64', '6.1', 'asumaretv', 1398384726960, 1398384859933),
(409, 27, 'Windows 7', 'amd64', '6.1', 'asumaretv', 1398384859933, 1398385016814),
(410, 27, 'Windows 7', 'amd64', '6.1', 'asumaretv', 1398385016814, 1398385141639),
(411, 27, 'Windows 7', 'amd64', '6.1', 'asumaretv', 1398385141639, 1398385226715),
(412, 27, 'Windows 7', 'amd64', '6.1', 'asumaretv', 1398385226715, 1398385346024),
(413, 27, 'Windows 7', 'amd64', '6.1', 'asumaretv', 1398385346024, 1398385447244),
(414, 27, 'Windows 7', 'amd64', '6.1', 'asumaretv', 1398385447244, 1398385540647),
(415, 27, 'Windows 7', 'amd64', '6.1', 'asumaretv', 1398385540647, 1398385768181),
(416, 27, 'Windows 7', 'amd64', '6.1', 'asumaretv', 1398385768181, 1398386289958),
(417, 27, 'Windows 7', 'amd64', '6.1', 'asumaretv', 1398386289958, 1398386620097),
(418, 27, 'Windows 7', 'amd64', '6.1', 'asumaretv', 1398386620097, 1398386800200),
(419, 27, 'Windows 7', 'amd64', '6.1', 'asumaretv', 1398386800200, 1398387590647),
(420, 27, 'Windows 7', 'amd64', '6.1', 'asumaretv', 1398387590647, 1398398669117),
(421, 27, 'Windows 7', 'amd64', '6.1', 'asumaretv', 1398398669117, 1398398782591),
(422, 27, 'Windows 7', 'amd64', '6.1', 'asumaretv', 1398398782591, 1398398943911),
(423, 27, 'Windows 7', 'amd64', '6.1', 'asumaretv', 1398398943911, 1398399097899),
(424, 27, 'Windows 7', 'amd64', '6.1', 'asumaretv', 1398399097899, 1398399581032),
(425, 27, 'Windows 7', 'amd64', '6.1', 'asumaretv', 1398399581032, 1398399663353),
(426, 27, 'Windows 7', 'amd64', '6.1', 'asumaretv', 1398399663353, 1398399765346),
(427, 27, 'Windows 7', 'amd64', '6.1', 'asumaretv', 1398399765346, 1398400227528),
(428, 27, 'Windows 7', 'amd64', '6.1', 'asumaretv', 1398400227528, 1398401262871),
(429, 27, 'Windows 7', 'amd64', '6.1', 'asumaretv', 1398401262871, 1398401337501),
(430, 27, 'Windows 7', 'amd64', '6.1', 'asumaretv', 1398401337501, 1398401438933),
(431, 27, 'Windows 7', 'amd64', '6.1', 'asumaretv', 1398401438933, 1398401482629),
(432, 27, 'Windows 7', 'amd64', '6.1', 'asumaretv', 1398401482629, 1398401746487),
(433, 27, 'Windows 7', 'amd64', '6.1', 'asumaretv', 1398401746487, 1398401912082),
(434, 27, 'Windows 7', 'amd64', '6.1', 'asumaretv', 1398401912082, 1398402118096),
(435, 27, 'Windows 7', 'amd64', '6.1', 'asumaretv', 1398402118096, 1398402216454),
(436, 27, 'Windows 7', 'amd64', '6.1', 'asumaretv', 1398402216454, 1398402928032),
(437, 27, 'Windows 7', 'amd64', '6.1', 'asumaretv', 1398402928032, 1398403012413),
(438, 27, 'Windows 7', 'amd64', '6.1', 'asumaretv', 1398403012413, 1398403063409),
(439, 27, 'Windows 7', 'amd64', '6.1', 'asumaretv', 1398403063409, 1398575149113),
(440, 27, 'Windows 7', 'amd64', '6.1', 'asumaretv', 1398575149113, 1398575448327),
(441, 27, 'Windows 7', 'amd64', '6.1', 'asumaretv', 1398575448327, 1398575535509),
(442, 27, 'Windows 7', 'amd64', '6.1', 'asumaretv', 1398575535509, 1398575726710),
(443, 27, 'Windows 7', 'amd64', '6.1', 'asumaretv', 1398575726710, 1398575884032),
(444, 27, 'Windows 7', 'amd64', '6.1', 'asumaretv', 1398575884032, 1398575894425),
(445, 27, 'Windows 7', 'amd64', '6.1', 'asumaretv', 1398575894425, 1398576448420),
(446, 27, 'Windows 7', 'amd64', '6.1', 'asumaretv', 1398576448420, 1398576491858),
(447, 27, 'Windows 7', 'amd64', '6.1', 'asumaretv', 1398576491858, 1398576597888),
(448, 27, 'Windows 7', 'amd64', '6.1', 'asumaretv', 1398576597888, 1398580491181),
(449, 27, 'Windows 7', 'amd64', '6.1', 'asumaretv', 1398580491181, 1398580510075),
(450, 27, 'Windows 7', 'amd64', '6.1', 'asumaretv', 1398580510075, 1398580547309),
(451, 27, 'Windows 7', 'amd64', '6.1', 'asumaretv', 1398580547309, 1398580672189),
(452, 27, 'Windows 7', 'amd64', '6.1', 'asumaretv', 1398580672189, 1398580981979),
(453, 27, 'Windows 7', 'amd64', '6.1', 'asumaretv', 1398580981979, 1398581047252),
(454, 27, 'Windows 7', 'amd64', '6.1', 'asumaretv', 1398581047252, 1398581193149),
(455, 27, 'Windows 7', 'amd64', '6.1', 'asumaretv', 1398581193149, 1398581263080),
(456, 27, 'Windows 7', 'amd64', '6.1', 'asumaretv', 1398581263080, 1398581599168),
(457, 27, 'Windows 7', 'amd64', '6.1', 'asumaretv', 1398581599168, 1398582146589),
(458, 27, 'Windows 7', 'amd64', '6.1', 'asumaretv', 1398582146589, 1398582333479),
(459, 27, 'Windows 7', 'amd64', '6.1', 'asumaretv', 1398582333479, 1398582524036),
(460, 27, 'Windows 7', 'amd64', '6.1', 'asumaretv', 1398582524036, 1398583412971),
(461, 27, 'Windows 7', 'amd64', '6.1', 'asumaretv', 1398583412971, 1398583552528),
(462, 27, 'Windows 7', 'amd64', '6.1', 'asumaretv', 1398583552528, 1398583622678),
(463, 27, 'Windows 7', 'amd64', '6.1', 'asumaretv', 1398583622678, 1398584286105),
(464, 27, 'Windows 7', 'amd64', '6.1', 'asumaretv', 1398584286105, 1398584563297),
(465, 27, 'Windows 7', 'amd64', '6.1', 'asumaretv', 1398584563297, 1398618506081),
(466, 27, 'Windows 7', 'amd64', '6.1', 'asumaretv', 1398618506081, 1398618864552),
(467, 27, 'Windows 7', 'amd64', '6.1', 'asumaretv', 1398618864552, 1398619058997),
(468, 27, 'Windows 7', 'amd64', '6.1', 'asumaretv', 1398619058997, 1398619365878),
(469, 27, 'Windows 7', 'amd64', '6.1', 'asumaretv', 1398619365878, 1398639368266),
(470, 27, 'Windows 7', 'amd64', '6.1', 'asumaretv', 1398639368266, 1398639569952),
(471, 27, 'Windows 7', 'amd64', '6.1', 'asumaretv', 1398639569952, 1398640568271),
(472, 27, 'Windows 7', 'amd64', '6.1', 'asumaretv', 1398640568271, 1398640807938),
(473, 27, 'Windows 7', 'amd64', '6.1', 'asumaretv', 1398640807938, 1398640967488),
(474, 27, 'Windows 7', 'amd64', '6.1', 'asumaretv', 1398640967488, 1398641443501),
(475, 27, 'Windows 7', 'amd64', '6.1', 'asumaretv', 1398641443501, 1398642179940),
(476, 27, 'Windows 7', 'amd64', '6.1', 'asumaretv', 1398642179940, 1398642257324),
(477, 27, 'Windows 7', 'amd64', '6.1', 'asumaretv', 1398642257324, 1398642874307),
(478, 27, 'Windows 7', 'amd64', '6.1', 'asumaretv', 1398642874307, 1398644420676),
(479, 27, 'Windows 7', 'amd64', '6.1', 'asumaretv', 1398644420676, 1398644591395),
(480, 27, 'Windows 7', 'amd64', '6.1', 'asumaretv', 1398644591395, 1398644639504),
(481, 27, 'Windows 7', 'amd64', '6.1', 'asumaretv', 1398644639504, 1398644712937),
(482, 27, 'Windows 7', 'amd64', '6.1', 'asumaretv', 1398644712937, 1398644791930),
(483, 27, 'Windows 7', 'amd64', '6.1', 'asumaretv', 1398644791930, 1398644895943),
(484, 27, 'Windows 7', 'amd64', '6.1', 'asumaretv', 1398644895943, 1398703928946),
(485, 27, 'Windows 7', 'amd64', '6.1', 'asumaretv', 1398703928946, 1398704692381),
(486, 27, 'Windows 10', 'amd64', '10.0', 'JGRANADOS', 1398704692381, 1497672507750),
(487, 27, 'Windows 10', 'amd64', '10.0', 'JGRANADOS', 1497672507750, 1497672793537),
(488, 27, 'Windows 10', 'amd64', '10.0', 'JGRANADOS', 1497672793537, 1497673238877),
(489, 27, 'Windows 10', 'amd64', '10.0', 'JGRANADOS', 1497673238877, 1497673436711),
(490, 27, 'Windows 10', 'amd64', '10.0', 'JGRANADOS', 1497673436711, 1497674298766),
(491, 27, 'Windows 10', 'amd64', '10.0', 'JGRANADOS', 1497674298766, 1497675927527),
(492, 27, 'Windows 10', 'amd64', '10.0', 'JGRANADOS', 1497675927527, 1497676021338);

-- --------------------------------------------------------

--
-- Estructura de tabla para la tabla `gv_clase`
--

CREATE TABLE `gv_clase` (
  `idclase` int(11) NOT NULL,
  `nombre` varchar(125) NOT NULL,
  `activo` int(1) DEFAULT 1
) ENGINE=InnoDB DEFAULT CHARSET=utf8;

--
-- Volcado de datos para la tabla `gv_clase`
--

INSERT INTO `gv_clase` (`idclase`, `nombre`, `activo`) VALUES
(1, 'clase 1', 1),
(2, 'sdfasdf', 1),
(3, 'Clase 2', 1),
(4, 'Clase 3', 1);

-- --------------------------------------------------------

--
-- Estructura de tabla para la tabla `gv_cliente`
--

CREATE TABLE `gv_cliente` (
  `idc` bigint(20) NOT NULL,
  `ruc` varchar(35) DEFAULT NULL,
  `dni` varchar(30) DEFAULT NULL,
  `nombre` varchar(125) NOT NULL,
  `apellidos` varchar(125) NOT NULL,
  `tipo` enum('NATURAL','JURIDICA') DEFAULT NULL,
  `email` varchar(225) DEFAULT NULL,
  `telefono` varchar(15) DEFAULT NULL,
  `movil` varchar(15) DEFAULT NULL,
  `nextel` varchar(15) DEFAULT NULL,
  `fax` varchar(15) DEFAULT NULL,
  `sexo` enum('H','M') DEFAULT NULL,
  `fec_reg` bigint(20) NOT NULL,
  `activo` int(1) DEFAULT 1
) ENGINE=InnoDB DEFAULT CHARSET=utf8;

-- --------------------------------------------------------

--
-- Estructura de tabla para la tabla `gv_compra`
--

CREATE TABLE `gv_compra` (
  `idcompra` int(11) NOT NULL,
  `tipodoc` enum('FACTURA','BOLETA','GUIA','NOTA DE PEDIDO','DUA') DEFAULT NULL,
  `numdoc` varchar(20) DEFAULT NULL,
  `idproveedor` int(11) DEFAULT NULL,
  `idusuario` int(11) DEFAULT NULL,
  `idmoneda` int(11) DEFAULT NULL,
  `estado` enum('CANCELADO','PENDIENTE') DEFAULT NULL,
  `numitems` int(11) DEFAULT NULL,
  `observaciones` text DEFAULT NULL,
  `subtotal` double DEFAULT NULL,
  `igv` double DEFAULT NULL,
  `total` double DEFAULT NULL,
  `fecha` date DEFAULT NULL,
  `activo` int(1) DEFAULT 1
) ENGINE=InnoDB DEFAULT CHARSET=utf8;

--
-- Volcado de datos para la tabla `gv_compra`
--

INSERT INTO `gv_compra` (`idcompra`, `tipodoc`, `numdoc`, `idproveedor`, `idusuario`, `idmoneda`, `estado`, `numitems`, `observaciones`, `subtotal`, `igv`, `total`, `fecha`, `activo`) VALUES
(16, 'FACTURA', '555588996', 2, 27, 2, 'CANCELADO', 3, 'fdfasdfasdf', 271.1864406779661, 18, 320, '2014-04-19', 1),
(17, 'FACTURA', '55589654', 3, 27, 2, 'CANCELADO', 4, 'fdfasdfasdf', 627.9152542372882, 18, 740.94, '2014-04-23', 1),
(18, 'FACTURA', '89762548', 1, 27, 2, 'CANCELADO', 4, 'fdfasdfasdf', 1057.6271186440679, 18, 1248, '2014-04-23', 1),
(19, 'FACTURA', '55899663', 3, 27, 2, 'CANCELADO', 4, 'fdfasdfasdf', 288.135593220339, 18, 340, '2014-04-23', 1),
(20, 'FACTURA', '99868885', 2, 27, 2, 'CANCELADO', 1, 'fdfasdfasdf', 254.23728813559322, 18, 300, '2014-04-23', 1),
(21, 'FACTURA', '99986575', 5, 27, 2, 'CANCELADO', 4, 'fdfasdfasdf', 251.67796610169492, 18, 296.98, '2014-04-24', 1),
(22, 'FACTURA', '8996587', 7, 27, 2, 'CANCELADO', 3, 'fdfasdfasdf', 769.4915254237288, 18, 908, '2014-04-24', 1),
(23, 'FACTURA', '36698547', 1, 27, 2, 'CANCELADO', 2, 'fdfasdfasdf', 701.6949152542372, 18, 828, '2014-04-24', 1);

-- --------------------------------------------------------

--
-- Estructura de tabla para la tabla `gv_detallecompra`
--

CREATE TABLE `gv_detallecompra` (
  `iddetallec` int(11) NOT NULL,
  `idcompra` int(11) NOT NULL,
  `idproducto` int(11) NOT NULL,
  `cantidad` int(11) NOT NULL,
  `importe` double NOT NULL,
  `descuento` double DEFAULT NULL COMMENT 'porcentaje de descuento',
  `activo` int(1) DEFAULT 1
) ENGINE=InnoDB DEFAULT CHARSET=utf8;

--
-- Volcado de datos para la tabla `gv_detallecompra`
--

INSERT INTO `gv_detallecompra` (`iddetallec`, `idcompra`, `idproducto`, `cantidad`, `importe`, `descuento`, `activo`) VALUES
(19, 12, 24, 1, 50, 0, 1),
(22, 13, 30, 5, 3790, 0, 1),
(29, 12, 28, 1, 120, 0, 1),
(30, 16, 31, 2, 200, 0, 1),
(31, 16, 26, 1, 70, 0, 1),
(32, 16, 24, 1, 50, 0, 1),
(33, 17, 31, 2, 200, 0, 1),
(34, 17, 24, 2, 100, 0, 1),
(35, 17, 27, 3, 80.94, 0, 1),
(36, 17, 28, 3, 360, 0, 1),
(37, 18, 24, 1, 50, 0, 1),
(38, 18, 26, 2, 140, 0, 1),
(39, 18, 31, 3, 300, 0, 1),
(40, 18, 30, 1, 758, 0, 1),
(41, 19, 26, 1, 70, 0, 1),
(42, 19, 24, 1, 50, 0, 1),
(43, 19, 28, 1, 120, 0, 1),
(44, 19, 31, 1, 100, 0, 1),
(45, 20, 31, 3, 300, 0, 1),
(46, 21, 31, 1, 100, 0, 1),
(47, 21, 28, 1, 120, 0, 1),
(48, 21, 27, 1, 26.98, 0, 1),
(49, 21, 24, 1, 50, 0, 1),
(50, 22, 30, 1, 758, 0, 1),
(51, 22, 31, 1, 100, 0, 1),
(52, 22, 24, 1, 50, 0, 1),
(53, 23, 30, 1, 758, 0, 1),
(54, 23, 26, 1, 70, 0, 1);

-- --------------------------------------------------------

--
-- Estructura de tabla para la tabla `gv_encargadoalmacen`
--

CREATE TABLE `gv_encargadoalmacen` (
  `idEA` int(11) NOT NULL,
  `idusuario` int(11) NOT NULL,
  `idalmacen` int(11) NOT NULL,
  `tipocargo` enum('Lider','Empleado') NOT NULL,
  `activo` int(11) DEFAULT 1
) ENGINE=InnoDB DEFAULT CHARSET=utf8;

-- --------------------------------------------------------

--
-- Estructura de tabla para la tabla `gv_producto`
--

CREATE TABLE `gv_producto` (
  `idproducto` bigint(20) NOT NULL,
  `cod_barras` varchar(50) NOT NULL,
  `codigo` varchar(50) NOT NULL,
  `cod_del_fabricante` varchar(30) DEFAULT NULL,
  `nombre` varchar(125) NOT NULL,
  `costo` decimal(10,3) NOT NULL,
  `precioalmayor` decimal(10,3) NOT NULL,
  `precioalmenor` decimal(10,3) NOT NULL,
  `utilidad` int(3) NOT NULL,
  `aplica_igv` tinyint(1) DEFAULT 1,
  `stock_min` int(11) NOT NULL,
  `tipo` enum('Producto Terminado','Componente','Insumo') NOT NULL,
  `idmoneda` int(11) NOT NULL,
  `imagen` longblob DEFAULT NULL,
  `idclase` int(11) DEFAULT NULL,
  `idmarca` int(11) DEFAULT NULL,
  `idmodelo` int(11) DEFAULT NULL,
  `ubicacion` varchar(10) DEFAULT NULL,
  `unidad_principal` enum('CAJA','MILLAR','UNIDAD','CARTUCHO','PAQUETE') DEFAULT NULL,
  `peso` float DEFAULT 0,
  `activo` int(1) DEFAULT 1
) ENGINE=InnoDB DEFAULT CHARSET=utf8;

--
-- Índices para tablas volcadas
--

--
-- Indices de la tabla `gv_almacen`
--
ALTER TABLE `gv_almacen`
  ADD PRIMARY KEY (`ida`);

--
-- Indices de la tabla `gv_almaceproduct`
--
ALTER TABLE `gv_almaceproduct`
  ADD PRIMARY KEY (`idpa`);

--
-- Indices de la tabla `gv_asignarauth`
--
ALTER TABLE `gv_asignarauth`
  ADD PRIMARY KEY (`nombreitem`,`iduser`);

--
-- Indices de la tabla `gv_authitem`
--
ALTER TABLE `gv_authitem`
  ADD PRIMARY KEY (`nombre`);

--
-- Indices de la tabla `gv_authitemchild`
--
ALTER TABLE `gv_authitemchild`
  ADD PRIMARY KEY (`padre`,`hijo`),
  ADD KEY `hijo` (`hijo`);

--
-- Indices de la tabla `gv_bitacora`
--
ALTER TABLE `gv_bitacora`
  ADD PRIMARY KEY (`idbitacora`);

--
-- Indices de la tabla `gv_clase`
--
ALTER TABLE `gv_clase`
  ADD PRIMARY KEY (`idclase`);

--
-- Indices de la tabla `gv_cliente`
--
ALTER TABLE `gv_cliente`
  ADD PRIMARY KEY (`idc`);

--
-- Indices de la tabla `gv_compra`
--
ALTER TABLE `gv_compra`
  ADD PRIMARY KEY (`idcompra`);

--
-- Indices de la tabla `gv_detallecompra`
--
ALTER TABLE `gv_detallecompra`
  ADD PRIMARY KEY (`iddetallec`);

--
-- Indices de la tabla `gv_encargadoalmacen`
--
ALTER TABLE `gv_encargadoalmacen`
  ADD PRIMARY KEY (`idEA`);

--
-- Indices de la tabla `gv_producto`
--
ALTER TABLE `gv_producto`
  ADD PRIMARY KEY (`idproducto`);

--
-- AUTO_INCREMENT de las tablas volcadas
--

--
-- AUTO_INCREMENT de la tabla `gv_almacen`
--
ALTER TABLE `gv_almacen`
  MODIFY `ida` int(11) NOT NULL AUTO_INCREMENT, AUTO_INCREMENT=4;

--
-- AUTO_INCREMENT de la tabla `gv_almaceproduct`
--
ALTER TABLE `gv_almaceproduct`
  MODIFY `idpa` bigint(20) NOT NULL AUTO_INCREMENT, AUTO_INCREMENT=70;

--
-- AUTO_INCREMENT de la tabla `gv_bitacora`
--
ALTER TABLE `gv_bitacora`
  MODIFY `idbitacora` bigint(20) NOT NULL AUTO_INCREMENT, AUTO_INCREMENT=493;

--
-- AUTO_INCREMENT de la tabla `gv_clase`
--
ALTER TABLE `gv_clase`
  MODIFY `idclase` int(11) NOT NULL AUTO_INCREMENT, AUTO_INCREMENT=5;

--
-- AUTO_INCREMENT de la tabla `gv_cliente`
--
ALTER TABLE `gv_cliente`
  MODIFY `idc` bigint(20) NOT NULL AUTO_INCREMENT;

--
-- AUTO_INCREMENT de la tabla `gv_compra`
--
ALTER TABLE `gv_compra`
  MODIFY `idcompra` int(11) NOT NULL AUTO_INCREMENT, AUTO_INCREMENT=24;

--
-- AUTO_INCREMENT de la tabla `gv_detallecompra`
--
ALTER TABLE `gv_detallecompra`
  MODIFY `iddetallec` int(11) NOT NULL AUTO_INCREMENT, AUTO_INCREMENT=55;

--
-- AUTO_INCREMENT de la tabla `gv_encargadoalmacen`
--
ALTER TABLE `gv_encargadoalmacen`
  MODIFY `idEA` int(11) NOT NULL AUTO_INCREMENT, AUTO_INCREMENT=6;

--
-- AUTO_INCREMENT de la tabla `gv_producto`
--
ALTER TABLE `gv_producto`
  MODIFY `idproducto` bigint(20) NOT NULL AUTO_INCREMENT, AUTO_INCREMENT=32;

--
-- Restricciones para tablas volcadas
--

--
-- Filtros para la tabla `gv_asignarauth`
--
ALTER TABLE `gv_asignarauth`
  ADD CONSTRAINT `gv_asignarauth_ibfk_1` FOREIGN KEY (`nombreitem`) REFERENCES `gv_authitem` (`nombre`) ON DELETE CASCADE ON UPDATE CASCADE;

--
-- Filtros para la tabla `gv_authitemchild`
--
ALTER TABLE `gv_authitemchild`
  ADD CONSTRAINT `gv_authitemchild_ibfk_1` FOREIGN KEY (`padre`) REFERENCES `gv_authitem` (`nombre`) ON DELETE CASCADE ON UPDATE CASCADE,
  ADD CONSTRAINT `gv_authitemchild_ibfk_2` FOREIGN KEY (`hijo`) REFERENCES `gv_authitem` (`nombre`) ON DELETE CASCADE ON UPDATE CASCADE;
COMMIT;

/*!40101 SET CHARACTER_SET_CLIENT=@OLD_CHARACTER_SET_CLIENT */;
/*!40101 SET CHARACTER_SET_RESULTS=@OLD_CHARACTER_SET_RESULTS */;
/*!40101 SET COLLATION_CONNECTION=@OLD_COLLATION_CONNECTION */;
